id,Valid? Yes/no,instance
f916,yes,"Source Text
Slack offers a freemium model and caters to companies of all sizes, which means revenue is concentrated among the largest customers.

Cause
Reference: Slack offers a freemium model and caters to companies of all sizes
Model: Slack offers a freemium model and caters to companies of all sizes

Effect
Reference: revenue is concentrated among the largest customers
Model: revenue is concentrated among the largest customers"
d36f,yes,"Source Text
Because of lower revenue, IT investments, and pressure on gross margins (net revenue/gross revenue) from rising capacity buy rates, adjusted 2020 EBIT margin fell 110 basis points to 3.4%.

Cause
Reference: lower revenue, IT investments, and pressure on gross margins (net revenue/gross revenue) from rising capacity buy rates
Model: lower revenue, IT investments, and pressure on gross margins (net revenue/gross revenue) from rising capacity buy rates

Effect
Reference: adjusted 2020 EBIT margin fell 110 basis points to 3.4%
Model: adjusted 2020 EBIT margin fell 110 basis points to 3.4%"
2dea,yes,"Source Text
Following significant core sales declines across all three segments in 2020 due to the COVID-19 pandemic, we forecast an average annual organic revenue growth rate for the firm of approximately 6.5% through 2025.

Cause
Reference: Following significant core sales declines across all three segments in 2020
Model: significant core sales declines across all three segments in 2020 due to the COVID-19 pandemic

Effect
Reference: an average annual organic revenue growth rate for the firm of approximately 6.5% through 2025
Model: we forecast an average annual organic revenue growth rate for the firm of approximately 6.5% through 2025"
5145,yes,"Source Text
Due to decreasing reliance on its personnel base, we assume Accenture will benefit from some operating leverage on the SG&A line, aiding in operating margin expansion from 14.7% in fiscal 2020 to 15.9% in fiscal 2025.
(Here, I think the reference for the cause is not correct while the cause generated by the model is correct)
Cause
Reference: Accenture will benefit from some operating leverage on the SG&A line (Not Correct)
Model: decreasing reliance on its personnel base (Correct)

Effect
Reference: operating margin expansion from 14.7% in fiscal 2020 to 15.9% in fiscal 2025 (Not Correct)
Model: Accenture will benefit from some operating leverage on the SG&A line, aiding in operating margin expansion from 14.7% in fiscal 2020 to 15.9% in fiscal 2025 (Correct)"
5cd8,yes,"Source Text
These advantages manifest themselves in the form of lower operating costs, lower credit costs, lower regulatory costs, and lower absolute levels and better diversification of risk, all of which allow the banks to achieve greater risk-adjusted returns.

Cause
Reference: These advantages manifest themselves in the form of lower operating costs, lower credit costs, lower regulatory costs, and lower absolute levels and better diversification of risk
Model: lower operating costs, lower credit costs, lower regulatory costs, and lower absolute levels and better diversification of risk

Effect
Reference: the banks to achieve greater risk-adjusted returns
Model: allow the banks to achieve greater risk-adjusted returns"
f789,yes,"Source Text
If Grifols is unable to bring an IG product to market with higher pricing power (like Takeda's HyQvia or CSL's Hizentra), it could lose market share.

Cause
Reference: Grifols is unable to bring an IG product to market with higher pricing power
Model: Grifols is unable to bring an IG product to market with higher pricing power

Effect
Reference: it could lose market share
Model: it could lose market share"
0327,yes,"Source Text
Thanks to external (COVID-19-related demand, smartphone ubiquity, wealth creation, underdevelopment payment industry infrastructure) and company-specific factors (product mix diversification, on- and off-platform payment technologies and shipping solutions), we believe MercadoLibre can capitalize on accelerating digital commerce trends in Latin America, despite lingering macro constraints volatility.
(Here, I think the references for both the cause and effect are not correct, but the model-generated one is correct.)
Cause
Reference: accelerating digital commerce trends (Not Correct)
Model: external (COVID-19-related demand, smartphone ubiquity, wealth creation, underdevelopment payment industry infrastructure) and company-specific factors (product mix diversification, on- and off-platform payment technologies and shipping solutions) (Correct)

Effect
Reference: capitalize (Not Correct)
Model: we believe MercadoLibre can capitalize on accelerating digital commerce trends in Latin America, despite lingering macro constraints volatility (Correct)"
d3ab,no,"Source Text
We see upside in margins for the F-35, as more sustainment enters the business mix as well and the potential to move to a more fixed-price contract as the aircraft becomes a major defense acquisition program.
(Here, I think the model-generated one is consistent with the reference, but both are incorrect.) Cause:  as more sustainment enters the business mix as well and the potential to move to a more fixed-price contract as the aircraft becomes a major defense acquisition program. Effect:  We see upside in margins for the F-35.
Cause
Reference: the aircraft becomes a major defense acquisition program
Model: more sustainment enters the business mix

Effect
Reference: the potential to move to a more fixed-price contract
Model: We see upside in margins for the F-35"
edd2,yes,"Source Text
With the well-timed influx of $4.4 billion in additional cash from the sale of Epsilon, $2.4 billion of which was used for debt reduction, we do not foresee any immediate credit issues.

Cause
Reference: With the well-timed influx of $4.4 billion in additional cash from the sale of Epsilon, $2.4 billion of which was used for debt reduction
Model: With the well-timed influx of $4.4 billion in additional cash from the sale of Epsilon, $2.4 billion of which was used for debt reduction

Effect
Reference: do not foresee any immediate credit issues
Model: we do not foresee any immediate credit issues"
fb0d,yes,"Source Text
Snap's revenue growth will be driven primarily by growth in the firm's daily active users, or DAUs, user engagement, overall online advertising spending, and an increasing allocation of online ad dollars toward mobile and social network ads.

Cause
Reference: growth in the firm's daily active users, or DAUs, user engagement, overall online advertising spending, and an increasing allocation of online ad dollars toward mobile and social network ads
Model: growth in the firm's daily active users, or DAUs, user engagement, overall online advertising spending, and an increasing allocation of online ad dollars toward mobile and social network ads

Effect
Reference: Snap's revenue growth
Model: Snap's revenue growth"
dfe6,no,"Source Text
We assume the new Medicare clinical lab fee schedule adjustments from the first three-year cycle of rating setting will have greater impact in 2020 and 2021, with some easing in 2022 thanks to recent COVID-19 stimulus legislation that further delays the resetting of rates until 2022.

Cause
Reference: some easing in 2022 thanks to recent COVID-19 stimulus legislation that further delays the resetting of rates until 2022
Model: The new Medicare clinical lab fee schedule adjustments from the first three-year cycle of rating setting

Effect
Reference: We assume the new Medicare clinical lab fee schedule adjustments from the first three-year cycle of rating setting will have greater impact in 2020 and 2021
Model: will have greater impact in 2020 and 2021, with some easing in 2022"
889a,no,"Source Text
While the competitive intensity of the new businesses is higher than the core refined product pipelines, we've been impressed by Magellan's capital discipline, as the projects have yielded high returns and supported continued distribution growth.

Cause
Reference: the competitive intensity of the new businesses is higher than the core refined product pipelines, we've been impressed by Magellan's capital discipline
Model: Magellan's capital discipline

Effect
Reference: the projects have yielded high returns and supported continued distribution growth
Model: The projects have yielded high returns and supported continued distribution growth"
63b8,yes,"Source Text
Risks surrounding additional waves of COVID-19 cases remain, leading to potential needs for incremental liquidity, which perhaps could occur at value destructive levels.

Cause
Reference: Risks surrounding additional waves of COVID-19 cases remain
Model: Risks surrounding additional waves of COVID-19 cases remain

Effect
Reference: potential needs for incremental liquidity
Model: leading to potential needs for incremental liquidity, which perhaps could occur at value destructive levels"
7b6b,yes,"Source Text
The firm has been a leader in deploying the latest network technologies, which we think will insulate it from unexpected changes in the future.

Cause
Reference: The firm has been a leader in deploying the latest network technologies
Model: The firm has been a leader in deploying the latest network technologies

Effect
Reference: unexpected changes in the future
Model: will insulate it from unexpected changes in the future"
5ad6,yes,"Source Text
Gathering and processing volumes across the Rockies and midcontinent fell 18%-20% in the second quarter of 2020, and while volumes have recovered in late 2020, the sharp decline demonstrates the challenging basin economics for producers and thus volume security for Oneok.

Cause
Reference: Gathering and processing volumes across the Rockies and midcontinent fell 18%-20% in the second quarter of 2020
Model: Gathering and processing volumes across the Rockies and midcontinent fell 18%-20% in the second quarter of 2020

Effect
Reference: the challenging basin economics for producers and thus volume security for Oneok
Model: the sharp decline demonstrates the challenging basin economics for producers and thus volume security for Oneok"
24fa,yes,"Source Text
Based on the average volatility of cash flows from a diverse product portfolio in relatively less discretionary therapeutic markets, we rate Medtronic's uncertainty as medium.

Cause
Reference: Based on the average volatility of cash flows from a diverse product portfolio in relatively less discretionary therapeutic market
Model: The average volatility of cash flows from a diverse product portfolio in relatively less discretionary therapeutic markets

Effect
Reference: we rate Medtronic's uncertainty as medium
Model: We rate Medtronic's uncertainty as medium"
9b55,no,"Source Text
We think the runaway cost of living in West Coast metros is an area of concern, given that this has the potential to push the tech industry's center of gravity away from these high-cost regions.

Cause
Reference: this has the potential to push the tech industry's center of gravity away from these high-cost regions 
Model: the runaway cost of living in West Coast metros

Effect
Reference: the runaway cost of living in West Coast metros is an area of concern
Model: this has the potential to push the tech industry's center of gravity away from these high-cost regions"
f716,no,"Source Text
In this regard, the company's success can be attributed to its aggressive approach at building a recognizable brand to attract consumers and consequently the agents seeking their business.
The Cause should be:   its aggressive approach at building a recognizable brand to attract consumers and consequently the agents seeking their business.
Cause
Reference: aggressive approach at building a recognizable brand
Model: the company's aggressive approach at building a recognizable brand to attract 
The effect should be: the company's success
Effect
Reference: attract consumers and consequently the agents seeking their business
Model: the agents seeking their business"
b807,yes,"Source Text
Due to the sale of most of its brake control business as well as coronavirus-induced industrywide factory closures, 2020 revenue declined 28%, but we forecast a 30% rebound in 2021 as backlog starts to ramp-up, with a return to normalized light vehicle demand in 2023.

Cause
Reference: the sale of most of its brake control business (Not Correct)
Model: the sale of most of its brake control business as well as coronavirus-induced industrywide factory closures  (Correct)

Effect
Reference: 2020 revenue declined 28%  (Correct)
Model: 2020 revenue declined 28%  (Correct)"
6d3e,no,"Source Text
Despite having a model that requires franchisees to shoulder significant risk, Snap-on is considered one of the more attractive franchise opportunities by Entrepreneur Magazine and Forbes due to exclusive routes and its premium brand reputation.

Cause
Reference: exclusive routes and its premium brand reputation
Model: Snap-on is considered one of the more attractive franchise opportunities by Entrepreneur Magazine and Forbes due to exclusive routes and its premium brand reputation.

Effect
Reference: Snap-on is considered one of the more attractive franchise opportunities by Entrepreneur Magazine and Forbes
Model: Despite having a model that requires franchisees to shoulder significant risk"
71b0,no,"Source Text
We expect fairly consistent results in soybean processing over the long run despite quarterly fluctuations caused by changes in crush margin and capacity utilization.

Cause
Reference: changes in crush margin and capacity utilization
Model: changes in crush margin and capacity utilization

Effect
Reference: quarterly fluctuations
Model: fairly consistent results in soybean processing over the long run despite quarterly fluctuations"
eb72,yes,"Source Text
A decade of consolidation in the corrugated packaging industry has allowed WestRock and its peers to push more aggressively on prices, resulting in a period of higher margins.

Cause
Reference: WestRock and its peers to push more aggressively on prices
Model: A decade of consolidation in the corrugated packaging industry has allowed WestRock and its peers to push more aggressively on prices

Effect
Reference: a period of higher margins
Model: resulting in a period of higher margins"
d0ed,no,"Source Text
Our volume forecast is muted by the emergence of cheaper suppliers in lower-cost labor countries; however, Canopy's production expansion into Colombia and Lesotho helps protect its share.

Cause
Reference: Canopy's production expansion into Colombia and Lesotho
Model: Canopy's production expansion into Colombia and Lesotho

Effect
Reference: helps protect its share
Model: Our volume forecast is muted"
3e25,no,"Source Text
To continue winning contracts, the turbine-makers will instate steep cost-reduction goals to their supply chain and will outsource suppliers that cannot meet the targets.
(For the reference, Cause and effect are reversed.)
Cause
Reference: To continue winning contracts
Model: suppliers that cannot meet the targets

Effect
Reference: the turbine-makers will instate steep cost-reduction goals to their supply chain and will outsource suppliers that cannot meet the targets
Model: will outsource suppliers that cannot meet the targets"
2d3a,no,"Source Text
After a very strong 2020, we expect some constraints on its margins going forward, as business operations normalize following the pandemic.

Cause
Reference: business operations normalize following the pandemic
Model: After a very strong 2020

Effect
Reference: some constraints on its margins going forward
Model: we expect some constraints on its margins going forward"
41d7,yes,"Source Text
It is much more efficient for customers to trade two different equity index futures on the same exchange as this allows futures traders to net their positions out when posting collateral
(For the reference, the cause and effect are reversed. However, for the model-generated one, it is correct.)
Cause
Reference: this allows futures traders to net their positions out when posting collateral (Not Correct)
Model: It is much more efficient for customers to trade two different equity index futures on the same exchange (Correct)

Effect
Reference: It is much more efficient for customers to trade two different equity index futures on the same exchange (Not Correct)
Model: this allows futures traders to net their positions out when posting collateral (Correct)"
d3ac,yes,"Source Text
In 2021, we expect a rebound in refined products demand and weaker crude volumes, to be somewhat offset by expense savings and storage benefits to result in distributable cash flow of about $1.03 billion, similar to 2020 levels.

Cause
Reference: a rebound in refined products demand and weaker crude volumes ( we expect a rebound in refined products demand and weaker crude volumes, to be somewhat offset by expense savings and storage benefits)
Model: a rebound in refined products demand and weaker crude volumes

Effect
Reference: distributable cash flow of about $1.03 billion
Model: result in distributable cash flow of about $1.03 billion, similar to 2020 levels"
77b5,no,"Source Text
During our 2021-25 forecast period, we expect revenue to grow at about a 9% CAGR with strong growth in ESG and indexes. (I cannot find the cause.)

Cause
Reference: revenue to grow at about a 9% CAGR
Model: During our 2021-25 forecast period

Effect
Reference: strong growth in ESG and indexes
Model: we expect revenue to grow at about a 9% CAGR with strong growth in ESG and indexes"
92b9,no,"Source Text
The firm is a large aerostructure provider for both Boeing and Airbus, and the firm makes nearly all of its revenue on the original production of aircraft because there are not material aftermarket servicing opportunities for aerostructures.

Cause
Reference: there are not material aftermarket servicing opportunities for aerostructures
Model: The firm is a large aerostructure provider for both Boeing and Airbus

Effect
Reference: The firm is a large aerostructure provider for both Boeing and Airbus, and the firm makes nearly all of its revenue on the original production of aircraft
Model: The firm makes nearly all of its revenue on the original production of aircraft"
313c,yes,"Source Text
As the company has yet to generate positive free cash flow, it will continue to rely on outside capital raises, especially as it expands production to meet growing demand.

Cause
Reference: the company has yet to generate positive free cash flow
Model: The company has yet to generate positive free cash flow

Effect
Reference: it will continue to rely on outside capital raises
Model: it will continue to rely on outside capital raises"
df31,yes,"Source Text
Our fair value uncertainty rating for Facebook is high, based on uncertainty over future advertising growth rates and additional regulations restricting Facebook's access to and use of data, both of which drive growth in the firm's source of revenue.

Cause
Reference: uncertainty over future advertising growth rates and additional regulations restricting Facebook's access to and use of data
Model: uncertainty over future advertising growth rates and additional regulations restricting Facebook's access to and use of data

Effect
Reference: Our fair value uncertainty rating for Facebook is high
Model: fair value uncertainty rating for Facebook is high"
6793,no,"Source Text
But we expect the gross margin to improve as more consumers consume JD's goods and services and JD's bargaining power against suppliers increases.

Cause
Reference: more consumers consume JD's goods and services and JD's bargaining power against suppliers increases
Model: more consumers consume JD's goods and services

Effect
Reference: the gross margin to improve
Model: the gross margin to improve"
,,
,,
,,
,,
,,
,,
,,
,,
,,
,,
,,
,,
,,
,,
,,
,,
,,
,,
,,
,,
,,
,,
,,
,,
,,
,,
,,
,,
,,
,,
,,
,,
,,
,,
,,
,,
,,
,,
,,
,,
,,
,,
,,
,,
,,
,,
,,
,,
,,
,,
,,
,,
,,
,,
,,
,,
,,
,,
,,
,,
,,
,,
,,
,,
,,
,,
,,
,,
